J Rodriguez Lopez;S Romaguera;;
J Rodriguez Lopez;S Romaguera;O Valero;
G Beer;S Naimpally;J Rodriguez Lopez;
T Pedraza;J Rodriguez Lopez;O Valero;
J Rodriguez Lopez;S Romaguera;;
J Rodriguez Lopez;S Romaguera;JM Sanchez Alvarez;
J Gutierrez Garcia;J Rodriguez Lopez;S Romaguera;
J Rodriguez Lopez;S Romaguera;;
J Cao;J Rodriguez Lopez;;
J Rodriguez Lopez;MP Schellekens;O Valero;
T Pedraza;J Ramos Canos;J Rodriguez Lopez;
J Rodriguez Lopez;MA Sanchez Granero;;
J Rodriguez Lopez;S Romaguera;O Valero;
T Pedraza;J Rodriguez Lopez;;
T Pedraza;J Rodriguez Lopez;S Romaguera;
J Rodriguez Lopez;;;
JG Garcia;J Rodriguez Lopez;S Romaguera;M Sanchis
J Rodriguez Lopez;S Romaguera;;
J Rodriguez Lopez;S Romaguera;;
T Pedraza;J Rodriguez Lopez;;
T Pedraza;;;
HPA Kunzi;J Rodriguez Lopez;S Romaguera;
J Rodriguez Lopez;S Romaguera;A Sapena;
J Rodriguez Lopez;S Romaguera;;
J Rodriguez Lopez;;;
E Jimenez Fernandez;J Rodriguez Lopez;EA Sanchez Perez;
JC Figueroa Garcia;J Rodriguez Lopez;;
J Rodriguez Lopez;S Romaguera;;
J Rodriguez Lopez;EAS Perez;;
J Rodriguez Lopez;S Romaguera;;
G Beer;J Rodriguez Lopez;;
J Rodriguez Lopez;S Romaguera;JM Sanchez Alvarez;
J Rodriguez Lopez;S Romaguera;M Sanchis;
J Rodriguez Lopez;S Romaguera;M Sanchis;
J Gutierrez Garcia;J Rodriguez Lopez;S Romaguera;
J Rodriguez Lopez;J Marin Molina;;
LM Garcia Raffi;MJ Perez Penalver;E Ponsoda Miralles;
G Di Maio;J Rodriguez Lopez;JM Sanchez Alvarez;
J Rodriguez Lopez;;;
O Valero;J Rodriguez Lopez;S Romaguera;
J Rodriguez Lopez;;;
J Rodriguez Lopez;;;
J Rodriguez Lopez;;;
J Rodriguez Lopez;;;
J Rodriguez Lopez;S Romaguera;JM Sanchez Alvarez;
JG Garcia;J Rodriguez Lopez;S Romaguera;
