M Arroyo Jorda; P Arroyo Jorda;A Martinez Pastor;MD Perez Ramos;
P Arroyo Jorda;;;;
P Arroyo Jorda;A Martinez Pastor;;;
P Arroyo Jorda;A Ballester Bolinches;MD Perez Ramos;;
M Arroyo Jorda; P Arroyo Jorda;MD Perez Ramos;;
M Arroyo Jorda; P Arroyo Jorda;R Dark;AD Feldman ;MD Perez Ramos
M Arroyo Jorda; P Arroyo Jorda;A Martinez Pastor;MD Perez Ramos;
M Arroyo Jorda; P Arroyo Jorda;A Martinez Pastor;MD Perez Ramos;
P Arroyo Jorda;A Ballester Bolinches;MD Perez Ramos;;
M Arroyo Jorda; P Arroyo Jorda;R Dark;AD Feldman ;MD Perez Ramos
M Arroyo Jorda; P Arroyo Jorda;;;
