JAL Orti;FJ Marco Castillo;MJ Martinez;
FJ Marco;MJ Martinez;JA Lopez;
JAL Orti;FJM Castillo;MJM Uso;
JAL Orti;MJM Uso;FJM Castillo;
MJ Martinez;FJ Marco Castillo;;
MJ Martinez;FJ Marco Castillo;L Ibanez;
JAL Orti;FJ Marco Castillo;MJ Martinez;
FJ Marco;MJ Martinez;JA Lopez;
JAL Orti;MJ Martinez;FJ Marco Castillo;
MJ Martinez;FJ Marco;;
JAL Orti;FJM Castillo;MJM Uso;
MJM Uso;FJM Castillo;;
MJ Martinez;FJ Marco Castillo;;
AL Garcia;LI Yagudin;MJM Uso;
P Sicoli;R Gorelli;MJ Martinez;FJ Marco
FJ Marco;MJ Martinez;JA Lopez;
MJ Martinez;FJ Marco Castillo;;
MJM Uso;FG Palomares;GR Navarro;
FJ Marco;MJ Martinez;JA Lopez;
JAL Orti;FJ Marco Castillo;MJ Martinez;
MJ Martinez;;;
MJ Martinez;;;
JAL Orti;FJ Marco Castillo;MJ Martinez;
MJ Martinez;;;
MJ Martinez;;;
MJ Martinez;;;
MJ Martinez;;;
MJ Martinez;FJ Marco Castillo;;
MJ Martinez;;;
MJ Martinez;;;
MJ Martinez;;;
MJ Martinez;;;
MJ Martinez;;;
MJ Martinez;;;
FJ Marco Castillo;MJ Martinez;P Sicoli;R Gorelli
MJ Martinez;;;
MJ Martinez;;;
MJ Martinez;;;
MJ Martinez;;;
MJ Martinez;;;
MJ Martinez;;;
MJ Martinez;;;
MJ Martinez;;;
MJ Martinez;FJ Marco;;
MJ Martinez;;;
MJ Martinez;;;
MJ Martinez;;;
MJ Martinez;;;
MJ Martinez;;;
MJ Martinez;;;
MJ Martinez;;;
MJ Martinez;;;
MJ Martinez;;;
MJ Martinez;;;
MJ Martinez;;;
MJ Martinez;;;
MJ Martinez;;;
MJ Martinez;;;
MJ Martinez;;;
MJ Martinez;;;
MJ Martinez;;;
MJ Martinez;;;
MJ Martinez;;;
MJM Uso;FJM Castillo;;
FJ Marco Castillo;MJ Martinez;;
JAL Orti;FJM Castillo;MJM Uso;
MJ Martinez;FJ Marco Castillo;;
MJ Martinez;FJ Marco Castillo;JAL Orti;
JAL Orti;FJ Marco Castillo;MJ Martinez;
JAL Orti;FJM Castillo;MJM Uso;
FJ Marco Castillo;MJ Martinez;;
FJ Marco Castillo;MJ Martinez;;
JAL Orti;FJM Castillo;MJM Uso;
MJ Martinez;FJ Castillo;JAL Orti;
FJ Castillo;MJ Martinez;JAL Orti;
AC Barbero;MJM Uso;;
PF de Cordova;FG Palomares;MJM Uso;
FJ Marco Castillo;JAL Orti;MJ Martinez;
MJ Martinez;JAL Orti;FJ Marco Castillo;
MJM Uso;JAL Orti;FJM Castillo;
MJ Martinez;FM Castillo;JAL Orti;
MJM Uso;FM Castillo;JAL Orti;
FJM Castillo;MJM Uso;JAL Orti;
FJM Castillo;MJM Uso;JAL Orti;
FG Palomares;G Rubio;MJM Uso;
FG Palomares;G Rubio;MJM Uso;
JAL Orti;MJM Uso;FJM Castillo;
A Lopez Garcia;EI Yagudina;MJ Martinez;A Cordero Barbero
JAL Orti;FG Marco Castillo;MJ Martinez;
MJM Uso;FJM Castillo;JAL Orti;
JAL Orti;FJM Castillo;MJM Uso;
JAL Orti;FJM Castillo;MJM Uso;
JAL Orti;FJM Castillo;MJM Uso;
JAL Orti;FJM Castillo;MJM Uso;
JAL Orti;FJM Castillo;MJM Uso;
JAL Orti;FJM Castillo;MJM Uso;
JAL Orti;FJM Castillo;MJM Uso;
